[{
  "image": "main_list_11.png",
  "name": "유아용품 장난감 일괄30가지",
  "price": "23900"
},
{
  "image": "main_list_12.png",
  "name": "아기 빨대컵 이유식 도구",
  "price": "7000"
},
{
  "image": "main_list_13.png",
  "name": "그라코 바운서 모빌",
  "price": "23000"
},
{
  "image": "main_list_14.png",
  "name": "유아 오리 목욕용품",
  "price": "5000"
},
{
  "image": "main_list_15.png",
  "name": "신생아 뜨개신발",
  "price": "23000"
},{
  "image": "main_list_26.png",
  "name": "카라즈 폴더매트 유아매트",
  "price": "15000"
},
{
  "image": "main_list_27.png",
  "name": "카봇 교정젓가락 스푼셋트",
  "price": "3000"
},
{
  "image": "main_list_28.png",
  "name": "나이키 아동 샌들 120",
  "price": "4000"
},
{
  "image": "main_list_29.png",
  "name": "아기 원피스 에뜨와 원피스 18m 판매",
  "price": "40000"
},
{
  "image": "main_list_30.png",
  "name": "스토케 아기침대 홈베드",
  "price": "50000"
}
]