[{
  "image": "main_list_6.png",
  "name": "MCM 오버더피치콜라보 유니폼",
  "price": "200000",
  "label": "MCM"
},
{
  "image": "main_list_7.png",
  "name": "[새제품] 버켄스탁 나폴리 슬리퍼",
  "price": "125000",
  "label": "버켄스탁"
},
{
  "image": "main_list_8.png",
  "name": "나이키 LD와플 사카이 프라그먼트",
  "price": "280000",
  "label": "나이키"
},
{
  "image": "main_list_9.png",
  "name": "파타고니아 레트로 X 조끼",
  "price": "125000",
  "label": "파타고니아"
},
{
  "image": "main_list_10.png",
  "name": "다이슨 에어랩 세트",
  "price": "304000",
  "label": "다이슨"
},{
  "image": "main_list_21.png",
  "name": "나이키 운동화 새신발 245",
  "price": "59000",
  "label": "나이키"
},
{
  "image": "main_list_22.png",
  "name": "발렌시아가 지비츠 크록스41사이즈",
  "price": "900000",
  "label": "발렌시아"
},
{
  "image": "main_list_23.png",
  "name": "루이비통 모노그램 앙프렝트 동전 파우치 카드지갑",
  "price": "200000",
  "label": "루이비통"
},
{
  "image": "main_list_24.png",
  "name": "MLB모자 볼캡 레드색상",
  "price": "7000",
  "label": "MLB"
},
{
  "image": "main_list_25.png",
  "name": "네파 등산 모자",
  "price": "7000",
  "label": "네파"
}
]