[{
  "image": "main_list_1.png",
  "name": "강아지 영양 간식 2kg 2통",
  "price": "10000"
},
{
  "image": "main_list_2.png",
  "name": "시저 강아지캔 24개",
  "price": "31000"
},
{
  "image": "main_list_3.png",
  "name": "고양이 츄르 뉴트리스틱 1박스",
  "price": "23000"
},
{
  "image": "main_list_4.png",
  "name": "강아지 고양이 칫솔 물티슈",
  "price": "3500"
},
{
  "image": "main_list_5.png",
  "name": "애완동물 넥카라",
  "price": "6000"
},
{
  "image": "main_list_16.png",
  "name": "브릿지독 세라믹 식기",
  "price": "25000"
},
{
  "image": "main_list_17.png",
  "name": "반려동물 이동가방",
  "price": "6000"
},
{
  "image": "main_list_18.png",
  "name": "프로젝트21 반려동물 선인장 정수기",
  "price": "20000"
},
{
  "image": "main_list_19.png",
  "name": "Shed Killer 반려동물 브러쉬",
  "price": "5000"
},
{
  "image": "main_list_20.png",
  "name": "반려동물 식기 (밥그릇 물그릇)3개",
  "price": "5000"
}
]