[{
  "image": "main_list_31.png",
  "name": "인텔 7세대 삼성 노트북 팔아요",
  "price": "160000",
  "label": "삼성"
},
{
  "image": "main_list_32.png",
  "name": "캐논 복합기 MG3570 판매합니다.",
  "price": "30000",
  "label": "캐논"
},
{
  "image": "main_list_33.png",
  "name": "(S급) 맥북에어 15 M3 배터리성능 100%",
  "price": "1060000",
  "label": "애플"
},
{
  "image": "main_list_34.png",
  "name": "인텔 I5-7400",
  "price": "30000",
  "label": "인텔"
},
{
  "image": "main_list_35.png",
  "name": "삼성 프린터 토너 팝니다",
  "price": "40000",
  "label": "삼성"
},
{
  "image": "main_list_36.png",
  "name": "에이서 acer 아스파이어 a515-52 노트북",
  "price": "80000",
  "label": "에이서"
},
{
  "image": "main_list_37.png",
  "name": "덱 청축 키보드 팔아요(한산 에디션)",
  "price": "100000",
  "label": "덱"
},
{
  "image": "main_list_38.png",
  "name": "아이리버 EQwear-EV1 버티컬 마우스 핑크",
  "price": "10000",
  "label": "아이리버"
},
{
  "image": "main_list_39.png",
  "name": "ipTIME N704SE 공유기 팝니다(새상품) 마지막 1대 보유중",
  "price": "15000",
  "label": "아이피타임"
},
{
  "image": "main_list_40.png",
  "name": "로지텍 MK850 키보드마우스 세트 새제품",
  "price": "70000",
  "label": "로지텍"
}
]